"asv"	"enrichment"	"method"	"Domain"	"Phylum"	"Class"	"Order"	"Family"	"Genus"
"CCGAGCGTTATCCGGATTTATTGGGTTTAAAGGGAGCGTAGATGGATGTTTAAGTCAGTTGTGAAAGTTTGCGGCTCAACCGTAAAATTGCAGTTGATACTGGATATCTTGAGTGCAGTTGAGGCAGGCGGAATTCGTGGTGTAGCGGTGAAATGCTTAGATATCACGAAGAACTCCGATTGCGAAGGCAGCCTGCTAAGCTGCAACTGACATTGAGGCTCGAAAGTGTGGGT"	"Aut"	"DESEQ_time"	"d__Bacteria"	"p__Bacteroidota"	"c__Bacteroidia"	"o__Bacteroidales"	"f__Bacteroidaceae"	"bacteroides"
"CCGAGCGTTGTCCGGATTTATTGGGCGTAAAGCGAGCGCAGGCGGTTTGATAAGTCTGAAGTTAAAGGCTGTGGCTCAACCATAGTTCGCTTTGGAAACTGTCAAACTTGAGTGCAGAAGGGGAGAGTGGAATTCCATGTGTAGCGGTGAAATGCGTAGATATATGGAGGAACACCGGTGGCGAAAGCGGCTCTCTGGTCTGTAACTGACGCTGAGGCTCGAAAGCGTGGGG"	"Control"	"ZIG_time"	"d__Bacteria"	"p__Firmicutes"	"c__Bacilli"	"o__Lactobacillales"	"f__Streptococcaceae"	"streptococcus"
"GCAAGCGTTATCCGGATTTACTGGGTGTAAAGGGAGCGCAGGCGGGACTGCAAGTTGGATGTGAAATACCGTGGCTTAACCACGGAACTGCATCCAAAACTGTAGTTCTTGAGTGAAGTAGAGGCAAGCGGAATTCCGAGTGTAGCGGTGAAATGCGTAGATATTCGGAGGAACACCAGTGGCGAAGGCGGCTTGCTGGGCTTTAACTGACGCTGAGGCTCGAAAGTGTGGGG"	"Aut"	"DESEQ_time"	"d__Bacteria"	"p__Firmicutes_A"	"c__Clostridia"	"o__Oscillospirales"	"f__unclassified"	"unclassified"
"GCAAGCGTTGTCCGGAATTATTGGGCGTAAAGCGCGCGCAGGCGGTTTCATAAGTCTGTCTTAAAAGTGCGGGGCTTAACCCCGTGAGGGGATGGAAACTATGGAACTGGAGTATCGGAGAGGAAAGCGGAATTCCTAGTGTAGCGGTGAAATGCGTAGATATTAGGAAGAACACCAGTGGCGAAGGCGGCTTTCTGGACGACAACTGACGCTGAGGCGCGAAAGCCAGGGG"	"Control,Control,Control"	"DESEQ_time, ZIG_time, ANCOM_time"	"d__Bacteria"	"p__Firmicutes_C"	"c__Negativicutes"	"o__Veillonellales"	"f__Veillonellaceae"	"veillonella"
"GCAAGCGTTGTCCGGATTTACTGGGTGTAAAGGGCGTGTAGGCGGGATTGCAAGTCAGGCGTGAAAACCAGGGGCTCAACCTCTGGCCTGCGTTTGAAACTGTAGTTCTTGAGTACTGGAGAGGTTGACGGAATTCCTAGTGTAGCGGTGAAATGCGTAGATATTAGGAGGAACACCAGTGGCGAAGGCGGTCAACTGGACAGCAACTGACGCTGAGGCGCGAAAGCGTGGGG"	"Aut,Aut"	"DESEQ_time, ZIG_time"	"d__Bacteria"	"p__Firmicutes_A"	"c__Clostridia"	"o__Oscillospirales"	"f__Oscillospiraceae"	"lawsonibacter"
"GCGAGCGTTAATCGGAATAACTGGGCGTAAAGGGCACGCAGGCGGTGACTTAAGTGAGGTGTGAAAGCCCCGGGCTTAACCTGGGAATTGCATTTCATACTGGGTCGCTAGAGTACTTTAGGGAGGGGTAGAATTCCACGTGTAGCGGTGAAATGCGTAGAGATGTGGAGGAATACCGAAGGCGAAGGCAGCCCCTTGGGAATGTACTGACGCTCATGTGCGAAAGCGTGGGG"	"Control,Control"	"ZIG_time, ANCOM_time"	"d__Bacteria"	"p__Proteobacteria"	"c__Gammaproteobacteria"	"o__Enterobacterales"	"f__Pasteurellaceae"	"haemophilus"
"GCGAGCGTTATCCGGAATTATTGGGCGTAAAGAGTGCGTAGGTGGTAACTTAAGCGCGGGGTTTAAGGCAATGGCTTAACCATTGTTCGCCCTGCGAACTGGGATACTTGAGTGCAGGAGAGGAAAGCGGAATTCCTAGTGTAGCGGTGAAATGCGTAGATATTAGGAGGAACACCAGTGGCGAAGGCGGCTTTCTGGACTGAAACTGACACTGAGGCACGAAAGTGTGGGG"	"Aut,Aut"	"DESEQ_time, ZIG_time"	"d__Bacteria"	"p__Firmicutes_A"	"c__Clostridia"	"o__Peptostreptococcales"	"f__Anaerovoracaceae"	"unclassified"
"GCGAGCGTTATCCGGATTCATTGGGCGTAAAGCGCGCGTAGGCGGCCCGGCAGGCCGGGGGTCGAAGCGGGGGGCTCAACCCCCCGAAGCCCCCGGAACCTCCGCGGCTTGGGTCCGGTAGGGGAGGGTGGAACACCCGGTGTAGCGGTGGAATGCGCAGATATCGGGTGGAACACCGGTGGCGAAGGCGGCCCTCTGGGCCGAGACCGACGCTGAGGCGCGAAAGCTGGGGG"	"Aut"	"ZIG_time"	"d__Bacteria"	"p__Actinobacteriota"	"c__Coriobacteriia"	"o__Coriobacteriales"	"f__Coriobacteriaceae"	"collinsella"
"GCGAGCGTTGTCCGGAATTACTGGGTGTAAAGGGAGCGTAGGCGGGGTCTCAAGTCGAATGTTAAATCTACCGGCTCAACTGGTAGCTGCGTTCGAAACTGGGGCTCTTGAGTGAAGTAGAGGCAGGCGGAATTCCTAGTGTAGCGGTGAAATGCGTAGATATTAGGAGGAACACCAGTGGCGAAGGCGGCCTGCTGGGCTTTTACTGACGCTGAGGCTCGAAAGCGTGGGG"	"Aut"	"ZIG_time"	"d__Bacteria"	"p__Firmicutes_A"	"c__Clostridia"	"o__Oscillospirales"	"f__Ruminococcaceae"	"phocea"
"GCGAGCGTTGTCCGGATTTACTGGGCGTAAAGGGAGCGTAGGCGGACTTTTAAGTGAGATGTGAAATACCCGGGCTCAACTTGGGTGCTGCATTTCAAACTGGAAGTCTAGAGTGCAGGAGAGGAGAATGGAATTCCTAGTGTAGCGGTGAAATGCGTAGAGATTAGGAAGAACACCAGTGGCGAAGGCGATTCTCTGGACTGTAACTGACGCTGAGGCTCGAAAGCGTGGGG"	"Aut"	"DESEQ_time"	"d__Bacteria"	"p__Firmicutes_A"	"c__Clostridia"	"o__Clostridiales"	"f__unclassified"	"unclassified"
"t__186843"	"Aut"	"ZIG_time"	"d__Bacteria"	"p__Firmicutes_A"	"c__Clostridia"	"o__Christensenellales"	"f__Christensenellaceae"	"borkfalki"
"t__258798"	"Aut"	"ZIG_time"	"d__Bacteria"	"p__Firmicutes_A"	"c__Clostridia"	"o__Oscillospirales"	"f__Acutalibacteraceae"	"anaeromassilibacillus"
